Movie Name,South Korea,Italy,China,Malaysia,Hong Kong,Vietnam,Singapore,United Arab Emirates,Oman,New Zealand,Thailand,Philippines,Japan,Russia/CIS,Taiwan,Norway,Peru,Mexico,Argentina,Venezuela,Chile,United Kingdom,France,South Africa,Spain,Australia,Türkiye,Germany,Greece,Poland,Austria,Finland,Netherlands,Czech Republic,Hungary,Domestic,Belgium,Ukraine,Qatar,Romania,Israel,Bahrain,Egypt,Lebanon,Switzerland (German),Nigeria,Bulgaria,Jordan,Portugal,Croatia,Switzerland (French),Kenya,Slovakia,Latvia,Lithuania,Estonia,Serbia and Montenegro,Slovenia,Ghana,Ethiopia,Brazil,Colombia,Ecuador,Bolivia,Uruguay,India,Iceland,Sweden,Denmark
Black House (2007),"$9,457,810","$41,543",,,,,,,,,,,,,,,,,,,,,,,,,,,,,,,,,,,,,,,,,,,,,,,,,,,,,,,,,,,,,,,,,,,
The Tower (2012),"$35,073,570",,,"$697,493","$610,358","$79,081","$51,825","$18,260","$1,018",,,,,,,,,,,,,,,,,,,,,,,,,,,,,,,,,,,,,,,,,,,,,,,,,,,,,,,,,,,,
Fists of Legend (2013),"$11,344,668",,,,,,,,,,,,,,,,,,,,,,,,,,,,,,,,,,,,,,,,,,,,,,,,,,,,,,,,,,,,,,,,,,,,
Solstice (2008),"$284,989",,,,,,,,,,"$14,099","$129,933",,"$169,854",,,,"$1,285,521","$286,278","$248,308","$94,487",,,,,,,,,,,,,,,,,,,,,,,,,,,,,,,,,,,,,,,,,,,,,,,,
Kundo: Age of the Rampant (2014),"$35,660,333",,,,,,,,,,,,,,,,,,,,,,,,,,,,,,,,,,,,,,,,,,,,,,,,,,,,,,,,,,,,,,,,,,,,
Ip Man 4: The Finale (2019),"$502,287",,"$165,290,606",,"$3,725,263",,,"$382,801",,"$172,048",,,,,,,,,,,,"$256,907","$709,962",,,"$906,875","$266,264","$176,922",,,,,,,,,,,,,,,,,,,,,,,,,,,,,,,,,,,,,,,,,
Death Bell (2008),"$9,274,859",,,,,,,,,,,,,,,,,,,,,,,,,,"$38,261",,,,,,,,,,,,,,,,,,,,,,,,,,,,,,,,,,,,,,,,,,
Don't Click (2012),"$4,864,262",,,,,,"$18,569",,,,,,,,,,,,,,,,,,,,"$109,402",,,,,,,,,,,,,,,,,,,,,,,,,,,,,,,,,,,,,,,,,,
Goosebumps (2015),"$1,883,839","$1,107,515",,"$2,549,874","$820,855","$627,399","$1,080,066","$1,238,182","$90,988",$492,"$1,379,767","$1,439,568",,"$2,501,244","$1,187,877","$173,591","$1,523,924","$7,105,137","$1,225,023","$7,926,075","$510,804","$13,086,846","$2,287,165","$552,494","$3,187,098","$6,845,788","$89,367","$2,487,869","$86,197","$146,981","$371,017",,"$236,841","$44,759","$133,692","$80,080,379","$458,130","$309,541","$249,875","$246,339","$209,356","$198,319","$145,359","$133,255","$107,912","$95,532","$85,097","$84,707","$51,407","$46,895","$37,123","$34,793","$33,388","$29,537","$23,532","$16,162","$11,505","$10,623","$6,019","$4,611","$1,856,393","$1,612,045","$769,045","$323,190","$172,786","$841,998",,,
Northern Limit Line (2015),"$39,629,338",,,,"$17,607",,,,,"$11,169",,,,,,,,,,,,,,,,"$38,656",,,,,,,,,,,,,,,,,,,,,,,,,,,,,,,,,,,,,,,,,,,
The Measure of a Man (2015),"$15,931","$206,154",,,,,,,,,,,,"$11,131","$18,370",,,,"$74,006",,,"$20,487","$5,660,409",,"$121,215",,,"$27,354",,,,,"$39,374",,,,,,,"$1,134",,,,,,,,,"$32,558",,"$123,269",,,,,,,,,,"$48,770",,,,"$6,378",,,,
Miss You Already (2015),"$29,837",,,,"$45,873",,"$38,680","$65,264",,"$152,195",,,,,,,"$19,089","$1,407,695",,,"$20,592","$2,215,536","$423,347","$36,504",,"$1,323,675","$9,656","$249,264",,,"$106,448",,"$119,063","$22,581",,,,,,,,,,"$21,329",,,,,"$17,043",,,,"$40,370",,,,,,,,"$36,305","$10,998",,,,,,,
Les Cowboys (2015),"$8,905",,,,,,,,,,,,,,,,,,,,,,"$1,064,574",,"$45,358",,,,,,,,,,,,"$108,886",,,,,,,,,,,,,,,,,,"$1,045",,,,,,,,,,,,,,
Paranormal Activity: The Ghost Dimension (2015),"$394,986",,,"$559,404",,,"$267,676","$414,384","$6,010","$366,084",,"$280,435",,"$3,099,546",,"$355,625","$1,226,239","$5,272,870","$2,408,119","$1,810,571","$849,308","$5,864,894","$4,798,677","$81,323","$1,055,230","$2,502,846","$648,262","$6,172,295",,"$721,334","$988,073","$189,994","$1,008,956","$222,770",,,"$601,501","$331,997",,,"$349,226",,,"$40,076","$494,263",,,,,,"$186,014",,"$116,710",,"$109,457","$46,484",,,,,"$5,335,114","$1,607,017","$689,758","$361,670","$130,150","$165,125",,"$869,968","$567,975"
A Chinese Ghost Story (2011),"$448,378",,"$328,204","$764,210","$559,367","$217,931","$790,730",,,"$16,242",,,,,"$91,928",,,,,,,,,,,,,,,,,,,,,,,,,,,,,,,,,,,,,,,,,,,,,,,,,,,,,,
Blinky Bill the Movie (2015),"$154,264","$121,201",,,,,,"$104,419",$62,"$521,404",,,,"$181,431",,"$96,612",,,,,,"$27,867",,"$157,579","$208,406","$1,972,691","$174,171",,"$80,465","$333,463",,,,"$80,157","$48,710",,,,,"$137,548",,,,,,,,,"$87,496","$77,409",,,"$37,333",,,,,,,,,,,"$34,400",,,"$38,789",,
The 33 (2015),"$274,964",,"$3,449,490","$280,994","$190,699",,"$87,633","$327,168","$3,542",,"$148,808","$24,336",,,"$117,449",,"$151,546","$3,072,751","$21,430","$1,105,820","$4,937,597","$37,342",,"$6,284",,,,"$10,214",,,,,,,,,,,,,,,,"$78,319",,,,,"$35,909",,,,,,,,,,,,"$271,392","$565,323","$500,794","$11,622","$16,779","$11,743","$4,353",,
Suburra (2015),"$21,970",,,,,,,,,,,,,,,,,,,,,,,,,,,,,,,,,,,,,,,,,,,,,,,,,,,,,,,,,,,,,,,,,,,,
The Snow Queen 2 (2014),"$3,849,454",,"$5,133,353",,,,,"$108,580",,,,,,"$4,498,015",,,"$131,352",,,,,,,"$38,393","$172,188",,"$487,125",,,,,,,"$122,633",,,,"$175,077",,"$321,908",,,,"$34,793",,,"$97,534","$13,999","$149,310","$109,379",,,"$114,528",,"$48,741",,"$33,695",,,,,,,,,,,,
Fathers & Daughters (2015),"$391,277",,,,,"$6,917","$26,099",,,,"$14,146",,"$280,582","$38,020","$153,653",,,"$551,399",,,,,,,,,,,,,,,,,,,,,,,,,,,,,,,,,,,,,,,,,,,"$42,161","$51,445",,"$24,050",,,,,
The Dressmaker (2015),"$360,285","$1,896,834",,,,,"$44,470","$64,003",$378,"$1,372,652","$186,793","$17,133",,"$94,925","$216,505",,,,"$102,356",,,"$811,834",,"$176,117","$1,217,751","$15,650,395","$145,857",,,,,"$298,642",,,,"$2,022,115",,,,,,,,,,,,,"$174,250",,,,,,,,,,,,"$115,466","$34,665",,,,,,,
Trumbo (2015),"$414,431","$163,429",,,"$52,713",,"$7,678","$16,500",$68,"$90,970","$5,013",,,"$56,733","$23,585",,"$7,250",,"$44,851","$11,423",,"$211,949","$950,274","$12,992","$674,260","$251,559",,"$112,484",,,"$42,986",,"$50,285",,,,,,,,,,,$474,,,,,"$92,768","$8,529","$61,508",,,,"$6,244",,"$9,067",$506,,,"$168,563",,,,"$8,684",,,,"$14,508"
Delhi Safari (2012),"$1,826,376",,"$1,270,000",,,,,,,,,,,,,,,,,,,,,,,,,,,,,,,,,,,,,,,,,,,,,,,,,,,,,,,,,,,,,,,"$399,221",,,
Marguerite (2015),"$40,577",,,,,,,,,"$37,197",,,,"$17,608",,,,,"$68,297",,,"$59,836","$6,674,379",,"$400,227","$69,720",,"$244,441",,,"$49,911","$26,410",,"$6,032",,,"$189,839",,,$928,,,,"$9,472",,,,,"$17,370",,"$207,626",,,,,,,$652,,,"$124,864",,,,,,"$2,293",,
The Peanuts Movie (2015),"$1,219,202","$2,842,638","$5,702,428","$477,072","$2,159,483","$365,249","$803,021","$716,787","$39,769","$837,047","$278,679",,"$5,170,243","$1,400,596","$1,380,612","$455,466","$1,527,617","$7,825,529","$1,324,419","$4,096,546","$1,411,375","$13,886,795","$5,184,352","$539,012","$4,782,782","$5,566,418","$589,576","$9,672,216","$408,051","$1,096,873","$1,443,827","$1,186,894","$1,957,846","$224,141","$202,919",,"$956,995","$80,272","$143,523","$227,271","$455,021","$166,820",,"$169,429","$808,655",,"$68,240",,"$770,468","$232,026","$436,417","$4,818","$94,144","$99,941","$191,970",,"$139,874","$83,732",,,"$7,944,690","$881,865","$1,561,713","$511,807","$110,658",,"$62,680","$1,344,012","$852,855"
OceanWorld (2009),"$1,174,633","$3,297,162",,,,,,"$54,129",,,,,,"$1,121,347",,,,,,,,,"$312,797",,"$938,228",,"$224,464",,"$47,523","$374,538",,,,"$381,023",,,"$71,727",,,,,,,"$64,713",,,"$40,948",,,"$13,509",,,"$60,059","$130,857","$217,060","$107,748","$34,786",,,,,,,,,,,,
The Boy and the Beast (2015),"$1,396,332",,,,"$47,207",,,"$31,900",$218,"$12,178","$14,311",,"$46,863,971","$66,612","$400,801",,,,"$29,466",,,,"$308,416",,"$36,875","$66,261",,,,,,"$13,542",,,,"$490,643",,,,,,,,"$2,257",,,,,,,,,,,,,,,,,,,,,,,,,
The Little Ghost (2013),"$66,287",,,,,,,,,,,"$13,606",,,,,,,,,,,,,,,,,,,,,,,,,,,,,,,,,,,,,,,,,,,,,,,,,,,,,,,,,
Louder Than Bombs (2015),"$70,223","$36,722",,,"$7,097",,,,,,,,,"$50,609",,"$245,295",,"$50,986",,,,"$34,204","$205,037",,"$96,714",,"$7,792","$53,892",,,"$8,071","$17,361",,,,,,,,,,,,,,,$851,,"$13,721",,,,,,$476,,,,,,"$21,185",,,,,,"$2,466","$52,836","$21,379"
Heist (2015),"$80,262",,"$482,729",,,"$166,142",,"$441,871",,,,"$42,643",,"$570,699","$339,800",,"$238,723","$1,011,787",,,"$180,240",,,"$65,905",,,,,,,,,,,,"$50,136",,"$11,646",,,,,,"$46,596",,,,,,"$18,885",,,,"$6,761","$3,926","$10,051",,,,,,,,,"$8,244",,,,
The Surprise (2015),"$52,966",,,,,,,,,,,,,"$31,329","$166,086",,,"$90,920","$36,621",,,,,,,,,,,,,,,,,,,,,,,,,,,,,,,,,,,,,,,,,,,,,,"$2,978",,,,
Clockstoppers (2002),,"$10,479",,,,,,,,,,,,,,,,"$303,955",,,,"$527,837","$170,830","$133,972","$46,362","$122,979",,,,,,,,,,,,,,,,,,,,,,,,,,,,,,,,,,,,,,,,,,,
Confessions of a Dangerous Mind (2002),,"$2,938,123",,,,,,,,"$117,716",,,"$2,699,590",,"$36,676","$80,152",,"$279,161","$261,082",,,"$1,633,162","$1,812,429",,"$717,755","$821,534","$52,007","$689,178","$253,650","$236,344","$121,565","$81,451","$71,698","$49,132","$33,128",,,,,,,,,,,,,,,,,,,,,,,,,,,,,,,,,,
Rock the Kasbah (2015),,"$62,865",,,,,"$9,477","$30,420",,"$27,400",,,,"$19,498",,,,"$10,806",,,,"$5,509",,"$7,452","$6,910",,,"$113,228",,"$37,011","$13,245","$3,833",,,,,,,,,,,,,,,,,"$12,827",,,,,"$2,776",,,,,,,"$10,253",,,,,,,,
Ripper (2001),,"$68,207",,,,,,,,,,,,,,,,"$29,141",,,,,,,,,,,,,,,,,,,,,,,,,,,,,,,,,,,,,,,,,,,,,,,,,,,
Concussion (2015),,"$1,709,943",,,"$165,846",,"$71,632","$639,746","$38,000","$73,439","$166,398",,,,"$270,861",,"$59,442","$4,464,162","$134,593","$53,651","$38,994","$162,499","$732,185","$173,472","$1,732,654","$212,127",,"$665,660",,"$192,464","$134,893",,,,,,"$66,104",,"$121,893","$130,822",,"$98,614","$153,739","$79,627",,"$71,441",,"$44,009","$43,754",,,"$15,974",,"$16,447","$21,974","$8,458",,,"$5,012","$5,865","$333,981","$138,387","$166,413",,"$46,069",,"$7,864",,
Creed (2015),,"$6,041,276",,,"$113,658",,"$329,820","$1,251,418","$6,244","$359,634",,"$194,536","$361,418","$795,358",,"$285,289","$263,768","$2,460,699","$913,820",,"$115,430","$8,246,569","$11,550,543","$248,686","$4,100,666","$5,000,963","$159,067","$3,235,490","$439,060","$376,950","$431,949","$325,265","$871,088","$119,880","$34,626","$109,778,883","$1,119,953","$93,157",,"$170,325","$322,681",,,"$207,266","$716,497",,"$77,533",,"$504,531","$39,203","$423,576","$10,946","$82,591","$14,871","$15,605",,"$34,222","$19,392",,,"$2,553,084","$93,887","$374,379","$120,941","$25,712",,"$42,307","$175,793","$398,012"
The Roses of the Desert (2006),,"$1,896,064",,,,,,,,,,,,,,,,,"$18,306",,,,,,,,,,,,,,,,,,,,,,,,,,,,,,,,,,,,,,,,,,,,,,,,,,
Eros (2004),,"$901,668",,,"$94,929",,,,,,,,,,"$29,392",,,,,,,,"$267,632",,,,"$33,207",,"$37,800",,,,,,,,,,,,,,,,,,,,,,,,,,,,,,,,,,,,,,,,
Love the Coopers (2015),,"$404,870",,"$28,425","$74,049",,"$115,099","$245,023","$1,084","$117,470","$48,131",,,"$405,472","$26,259",,"$343,997","$835,399","$168,280","$1,751,479","$42,031","$2,910,763",,"$274,165","$648,351","$1,183,300","$15,728","$1,513,024","$69,251","$339,031","$538,232",,,"$127,987","$671,986",,,"$159,554",,"$647,317",,,,"$11,468","$202,849",,"$106,614",,"$69,447","$126,526",,,"$85,133",,"$71,429",,"$48,703","$41,524",,,"$223,690",,"$22,687","$25,301","$46,714",,"$24,755",,
Beast Stalker (2008),,,"$2,473,015",,,,,,,,,,,,,,,,,,,,,,,,,,,,,,,,,,,,,,,,,,,,,,,,,,,,,,,,,,,,,,,,,,
The Wrath of Vajra (2013),,,"$1,870,000",,,,,,,,,,,,,,,,,,,,,,,,,,,,,,,,,,,,,,,,,,,,,,,,,,,,,,,,,,,,,,,,,,
The White Storm (2013),,,"$38,500,000",,,,,,,,,,,,,,,,,,,,,,,,,,,,,,,,,,,,,,,,,,,,,,,,,,,,,,,,,,,,,,,,,,
Firestorm (2013),,,"$50,770,000",,,,,,,,,,,,,,,,,,,,,,,,,,,,,,,,,,,,,,,,,,,,,,,,,,,,,,,,,,,,,,,,,,
Control (2013),,,"$7,020,000",,,,,,,,,,,,,,,,,,,,,,,,,,,,,,,,,,,,,,,,,,,,,,,,,,,,,,,,,,,,,,,,,,
Legendary Assassin (2008),,,"$1,019,682",,,,,,,,,,,,,,,,,,,,,,,,,,,,,,,,,,,,,,,,,,,,,,,,,,,,,,,,,,,,,,,,,,
Cold Eyes (2013),,,"$1,230,000",,,,,,,,,,,,,,,,,,,,,,,,,,,,,,,,,,,,,,,,,,,,,,,,,,,,,,,,,,,,,,,,,,
"The Butcher, the Chef, and the Swordsman (2010)",,,"$1,984,733","$43,212","$2,335",,,,,"$11,090",,,,,,,,,,,,,,,,,,,,,,,,,,,,,,,,,,,,,,,,,,,,,,,,,,,,,,,,,,,
Overheard 3 (2014),,,"$49,650,000",,,,,,,,,,,,,,,,,,,,,,,,,,,,,,,,,,,,,,,,,,,,,,,,,,,,,,,,,,,,,,,,,,
Crazy Racer (2009),,,"$15,844,273",,,,,,,,,,,,,,,,,,,,,,,,,,,,,,,,,,,,,,,,,,,,,,,,,,,,,,,,,,,,,,,,,,
Blind Detective (2013),,,"$32,061,558",,,,,,,,,,,,,,,,,,,,,,,,,,,,,,,,,,,,,,,,,,,,,,,,,,,,,,,,,,,,,,,,,,
Sweet Alibis (2014),,,"$5,700,000",,"$7,124",,,,,,$129,,,,,,,,,,,,,,,,,,,,,,,,,,,,,,,,,,,,,,,,,,,,,,,,,,,,,,,,,,
Colt 45 (2014),,,"$258,073",,,"$10,752",,,,,,,,,,,,,,,,,,,,,,,,,,,,,,,,,,,,,,,,,,,,,,,,,,,,,,,,,,,,,,,
Wolf Warrior (2015),,,"$81,273,855",,,,,,,,,,,,,,,,,,,,,,,,,,,,,,,,,,,,,,,,,,,,,,,,,,,,,,,,,,,,,,,,,,
Solace (2015),,,"$5,374,145",,,,,,,,,,,"$490,446",,,"$453,036","$2,905,274","$331,934",,"$42,154",,,,,,,,,,,,,,,,,,,,,,,,,,,,,,,,,,,,,,,,"$282,436","$110,539","$58,352",,"$121,399",,,,
"Bruce Lee, My Brother (2010)",,,"$2,052,220",,,,,,,,,,,,,,,,,,,,,,,,,,,,,,,,,,,,,,,,,,,,,,,,,,,,,,,,,,,,,,,,,,
Lost and Love (2015),,,"$34,180,000","$118,792","$345,228",,"$82,553",,,"$14,787",,,,,,,,,,,,,,,,,,,,,,,,,,,,,,,,,,,,,,,,,,,,,,,,,,,,,,,,,,,
Under the Mountain (2009),,,,"$371,332",,,,,,"$192,258","$49,230","$37,320",,,,,,,,,,,,,,,,,,,,,,,,,,,,,,,,,,,,,,,,,,,,,,,,,,,,,,,,,
The Bullet Vanishes (2012),,,,"$139,134","$1,034,476",,"$219,251",,,"$14,390","$3,700",,,,,,,,,,,,,,,,,,,,,,,,,,,,,,,,,,,,,,,,,,,,,,,,,,,,,,,,,,
Coming Soon (2008),,,,"$371,645","$497,571",,"$493,532",,,,"$1,394,256",,,,"$613,175",,"$184,191","$166,606",,,,,,,,,,,,,,,,,,,,,,,,,,,,,,,,,,,,,,,,,,,,,,,,,,,
Cold War (2012),,,,"$2,144,883","$5,524,043",,"$753,929",,,"$21,246","$36,381",,,,,,,,,,,"$296,501",,,,"$62,348",,,,,,,,,,,,,,,,,,,,,,,,,,,,,,,,,,,,,,,,,,,
Momentum (2015),,,,"$65,175",,,,,,,"$69,146","$49,015",,"$256,862",,,,,,,,,,,,,,,,,,,,,,,,,,,,,,,,,,,,,,,,,,,,,,,,,,,,,,,
Tales of Halloween (2015),,,,"$111,288",,,,,,,,,,"$138,705",,,,"$99,772",,"$20,248",,,,,,,,,,,,,,,,,,,,,,,,,,,,,,,,,,,,,,,,,,,,"$12,989",,,,,
The Diabolical (2015),,,,"$61,210",,,,,,,"$23,049",,,,,,,,,,,,,,,,,,,,,,,,,,,,,,,,,,,,,,,,,,,,,,,,,,,"$167,016",,"$18,183",,,,,
Howl (2015),,,,"$104,080",,"$232,578",,,,,,,,,,,,,,,,,,,,,,,,,,,,,,,,,,,,,,,,,,,,,,,,,,,,,,,,,,,,,,,
The Hallow (2015),,,,"$179,973",,,,,,,,"$39,361",,"$140,422",,,"$287,976","$745,975",,,"$44,493","$144,981","$129,403",,,,,$208,,,,,,,,,,,,,,,,,,,,,,,,,,,,,,,,,,"$135,709",,,,,,,
Baby Blues (2012),,,,"$311,528",,,,,,,,,,,,,,,,,,,,,,,,,,,,,,,,,,,,,,,,,,,,,,,,,,,,,,,,,,,,,,,,,
The Twins Effect II (2004),,,,,"$1,903,807",,,,,,"$278,400",,,"$273,109","$26,613",,,,,,,,,,,,,,,,,,,,,,,,,,,,,,,,,,,,,,,,,,,,,,,,,,,,,,
House of Fury (2005),,,,,"$1,409,257",,,"$1,448,560",,,,,,,"$6,479",,,,,,,,,,,,,,,,,,,,,,,,,,,,,,,,,,,,,,,,,,,,,,,,,,,,,,
Journey to the Shore (2015),,,,,"$50,686",,,,,,,,,,,,,,,,,,,,,,,,,,,,,,,,,,,,,,,,,,,,,,,,,,,,,,,,,,,,,,,,
Bone Tomahawk (2015),,,,,,,"$9,702",,,,,,,"$73,722",,,,,,,,,,,,,,,,,,,,,,,,,,,,,,,,,,,,,,,,,,,,,,,,,,,,,,,
Jem and the Holograms (2015),,,,,,,"$15,099","$18,853","$3,267",,,"$5,243",,,,"$14,953",,,,,,"$12,869","$7,005",,"$6,339",,,,,,,,,,,,,"$40,130",,,,,,,,,,,,"$4,515",,,,,,,,"$6,720",,,,,,,,,"$2,862",,
Foodies: The Culinary Jet Set (2014),,,,,,,"$4,045",,,,"$4,883",,,,,,,,,,,,,,,,,,,,,,,,,,,,,,,,,,,,,,,,,,,,,,,,,,,,,,,,,,
I (2015),,,,,,,,"$1,525,562",,"$21,340",,,,,,,,,,,,,,,,"$203,979",,,,,,,,,,,,,,,,,,,,,,,,,,,,,,,,,,,,,,,,,,,
The Perfect Guy (2015),,,,,,,,"$185,357","$7,204",,,,,,,$702,,,,,,"$342,500",,"$636,575",,,,"$74,869",,,,,,,,,,,"$15,264",,,"$20,299","$12,666","$58,147",,"$247,178",,"$11,563",,,,"$26,797",,,,,,,"$40,440","$5,107",,,,,,,,,
French Spies (2004),,,,,,,,"$74,568",,,,,,"$1,138,049","$9,217",,,,,,,,"$12,507,292",,"$87,008",,,,,,,,,"$31,431",,,,,,,,,"$1,678",,,,,,,,,,"$4,439",,,,,,,,,,,,,,,,
Prem Ratan Dhan Payo (2015),,,,,,,,"$2,286,104","$340,089","$422,176",,,,,,,,,,,,"$2,290,181",,,,"$623,670",,"$107,782",,,"$13,421",,,,,,"$11,251",,"$262,840",,,"$273,963",,,,"$10,869",,,,,,,,,,,,,,,,,,,,"$41,708,786",,,
The Christmas Candle (2013),,,,,,,,,,"$71,342",,,,,,"$15,999",,,,,,"$12,628",,,,"$118,186",,,,,,,,,,,,,,,,,,,,,,,,,,,,,,,,,,,,,,,,,,,
Go Goa Gone (2013),,,,,,,,,,"$9,899",,,,,,,,,,,,"$120,994",,,,,,,,,,,,,,,,,,,,,,,,,,,,,,,,,,,,,,,,,,,,,,,
Twice Upon a Time (2006),,,,,,,,,,"$61,941",,,,,,,,,"$110,611",,,,,,,"$82,400",,,,,,,,,,,,,,,,,,,,,,,,,,,,,,,,,,,,,,,"$25,192",,,,
The Falling (2014),,,,,,,,,,"$14,622",,,,,,,,,,,,,,,,,,,,,,,,,,,,,,,,,,,,,,,,,,,,,,,,,,,,,,,,,,,
Rock the Casbah (2013),,,,,,,,,,"$5,134",,,,,,,,,,,,,,,,,,,,,,,,,,,,,,,,,,,,,,,,,,,,,,,,,,,,,,,,,,,
In Harmony (2015),,,,,,,,,,"$5,253",,,,,,,,,,,,,"$3,212,516",,,,,,,,,,,,,,"$21,532",,,,,,,,,,,,,,,,,,,,,,,,,,,,,,,,
War of the Buttons (2011),,,,,,,,,,,"$1,668",,,,,,,,,,,,"$13,602,454",,"$594,862",,,"$282,789",,,,,,"$10,510",,,"$542,355",,,,,,,,,,,,,,,,,,,,,,,,,,,,,,,,
Straight A's (2013),,,,,,,,,,,,"$17,756",,,,,,,,,,,,,,,,,,,,,,,,,,,,,,,,,,,,,,,,,,,,,,,,,,,,,,,,,
Unforgiven (2013),,,,,,,,,,,,,"$6,755,058",,,,,,,,,,,,,,,,,,,,,,,,,,,,,,,,,,,,,,,,,,,,,,,,,,,,,,,,
Poslednyaya skazka Rity (2012),,,,,,,,,,,,,,"$486,937",,,,,,,,,,,,,,,,,,,,,,,,,,,,,,,,,,,,,,,,,,,,,,,,,,,,,,,
The Treasure (2015),,,,,,,,,,,,,,"$10,850",,,,,,,,,,,"$13,934",,,,,,,,,,,,,,,,,,,,,,,,"$3,409",,,,,,,,,,,,"$3,145",,,,,,$851,,
Alive (2006),,,,,,,,,,,,,,"$3,214,998",,,,,,,,,,,,,,,,,,,,,,,,,,,,,,,,,,,,,,,,,,,,,,,,,,,,,,,
Blood of My Blood (2015),,,,,,,,,,,,,,"$5,943",,,,,"$55,917",,,,,,,,,,,,,,,,,,,,,,,,,,,,,,,,,,,,,,,,,,,,,,,,,,
United Passions (2014),,,,,,,,,,,,,,"$167,914",,,,,,,,,,,,,,,,,,,,,,,,,,,,,,,,,,,,,,,,,,,"$2,990",,,,,,,,,,,,
A Distant Neighbourhood (2010),,,,,,,,,,,,,,"$29,171",,,,,,,,,"$78,593",,,,,"$86,036",,,"$6,532",,,,,,"$31,488",,,,,,,,,,,,,,,,,,,,,,,,,,,,,,,,
Hidden (2009),,,,,,,,,,,,,,,,"$1,111,246","$313,768","$64,512",,,,,,,,,,,,,,,,,,,,,,,,,,,,,,,,,,,,,,,,,,,,,,,,,,,
Traceless (2010),,,,,,,,,,,,,,,,,,"$32,221",,,,,"$445,565",,,,,,,,,,,,,,"$27,464",,,,,,,,,,,,,,,,,,,,,,,,,,,,,,,,
Maktub (2011),,,,,,,,,,,,,,,,,,"$558,069","$98,666",,,,,,,,,,,,,,,,,,,,,,,,,,,,,,,,,,,,,,,,,,,,,,,,,,
"If Not Us, Who? (2011)",,,,,,,,,,,,,,,,,,"$10,716",,,,,,,,,,,,,,,,,,,,,,,,,,,,,,,,,,,,,,,,,,,"$33,644",,,,,,,,
Marius (2013),,,,,,,,,,,,,,,,,,,,,,"$22,905","$2,148,164",,,,,,,,,,,,,,"$68,690",,,,,,,,,,,,,,,,,,,,,,,,,,,,,,,,
Phantom Boy (2015),,,,,,,,,,,,,,,,,,,,,,"$1,115","$150,483",,"$4,239",,,,,,,,,,,,"$26,371",,,$106,,,,,,,,,,,,,,,"$4,340",,,,,,,,,,,,,,
Pyaar Ka Punchnama 2 (2015),,,,,,,,,,,,,,,,,,,,,,"$22,861",,,,,,,,,,,,,,,,,,,,,,,,,,,,,,,,,,,,,,,,,,,,"$12,738,004",,,
Do I Sound Gay? (2014),,,,,,,,,,,,,,,,,,,,,,"$3,207",,,,,,,,,,,,,,,,,,,,,,,,,,,,,,,,,,,,,,,,,,,,,,,
Breathing (2011),,,,,,,,,,,,,,,,,,,,,,"$33,875",,,,,,"$25,918",,,"$743,013",,,,,,,,,,,,,,,,,,,,,,,,,,,,,,,,,,,,,,
The Chinese Botanist's Daughters (2006),,,,,,,,,,,,,,,,,,,,,,,"$685,733",,,,,"$549,538",,,,,,,,,,,,,,,,,,,,,,,,,,,,,,,,,,,,,,,,,
The Dead and the Living (2012),,,,,,,,,,,,,,,,,,,,,,,"$8,638",,,,,,,,"$24,425",,,,,,,,,,,,,,,,,,,,,,,,,,,,,,,,,,,,,,
Dolfje Weerwolfje (2011),,,,,,,,,,,,,,,,,,,,,,,,,"$2,059",,,,,,"$13,726",,"$2,617,383",,,,"$86,234",,,,,,,,,,,,,,,,,,,,,,,,,,,,,,,,
Nowitzki: The Perfect Shot (2014),,,,,,,,,,,,,,,,,,,,,,,,,,,,"$578,177",,,,,,,,,,,,,,,,,,,,,,,,,,,,,,,,,,,,,,,,,
Aferim! (2015),,,,,,,,,,,,,,,,,,,,,,,,,,,,,"$17,334",,,,,,,,,,,"$221,748",,,,,,,"$2,305",,,,,,,,,,,$613,,,,,,,,,,,
"Rio, I Love You (2014)",,,,,,,,,,,,,,,,,,,,,,,,,,,,,,"$45,766",,,,,,"$31,982",,,,,,,,"$29,509",,,,,,,,,,,"$3,868",,,,,,"$490,612",,,,,,,,
From Mexico with Love (2009),,,,,,,,,,,,,,,,,,,,,,,,,,,,,,,,,,,,,,,,,,,,$708,,,,,,,,,,,,,,,,,,,,,,,,,
Ao: The Last Hunter (2010),,,,,,,,,,,,,,,,,,,,,,,,,,,,,,,,,,,,,,,,,,,,,,,,,,,,,,,,,,,,,"$14,167",,,,,,,,
All Three of Us (2015),,,,,,,,,,,,,,,,,,,,,,,,,,,,,,,,,,,,,,,,,,,,,,,,,,,,,,,,,,,,,"$29,261",,,,,,,,
Capitães da Areia (2011),,,,,,,,,,,,,,,,,,,,,,,,,,,,,,,,,,,,,,,,,,,,,,,,,,,,,,,,,,,,,"$776,803",,,,,,,,
