imdbId,imdbid,Movie Name,Argentina,Australia,Austria,Bahrain,Belgium,Bolivia,Brazil,Bulgaria,Chile,China,Colombia,Croatia,Czech Republic,Denmark,Domestic,Ecuador,Egypt,Estonia,Ethiopia,Finland,France,Germany,Ghana,Greece,Hong Kong,Hungary,Iceland,India,Israel,Italy,Japan,Jordan,Kenya,Latvia,Lebanon,Lithuania,Malaysia,Mexico,Netherlands,New Zealand,Nigeria,Norway,Oman,Peru,Philippines,Poland,Portugal,Qatar,Romania,Russia/CIS,Serbia and Montenegro,Singapore,Slovakia,Slovenia,South Africa,South Korea,Spain,Sweden,Switzerland (French),Switzerland (German),Taiwan,Thailand,Türkiye,Ukraine,United Arab Emirates,United Kingdom,Uruguay,Venezuela,Vietnam
1193490,,Black House (2007),,,,,,,,,,,,,,,,,,,,,,,,,,,,,,"$41,543",,,,,,,,,,,,,,,,,,,,,,,,,,"$9,457,810",,,,,,,,,,,,,
1330525,,Beast Stalker (2008),,,,,,,,,,"$2,473,015",,,,,,,,,,,,,,,,,,,,,,,,,,,,,,,,,,,,,,,,,,,,,,,,,,,,,,,,,,,
2554270,,The Tower (2012),,,,,,,,,,,,,,,,,,,,,,,,,"$610,358",,,,,,,,,,,,"$697,493",,,,,,"$1,018",,,,,,,,,"$51,825",,,,"$35,073,570",,,,,,,,,"$18,260",,,,"$79,081"
1275861,,Under the Mountain (2009),,,,,,,,,,,,,,,,,,,,,,,,,,,,,,,,,,,,,"$371,332",,,"$192,258",,,,,"$37,320",,,,,,,,,,,,,,,,,"$49,230",,,,,,,
2347134,,Unforgiven (2013),,,,,,,,,,,,,,,,,,,,,,,,,,,,,,,"$6,755,058",,,,,,,,,,,,,,,,,,,,,,,,,,,,,,,,,,,,,,
3259968,,The Wrath of Vajra (2013),,,,,,,,,,"$1,870,000",,,,,,,,,,,,,,,,,,,,,,,,,,,,,,,,,,,,,,,,,,,,,,,,,,,,,,,,,,,
0398373,,The Twins Effect II (2004),,,,,,,,,,,,,,,,,,,,,,,,,"$1,903,807",,,,,,,,,,,,,,,,,,,,,,,,,"$273,109",,,,,,,,,,,"$26,613","$278,400",,,,,,,
2957774,,The White Storm (2013),,,,,,,,,,"$38,500,000",,,,,,,,,,,,,,,,,,,,,,,,,,,,,,,,,,,,,,,,,,,,,,,,,,,,,,,,,,,
2828840,,Fists of Legend (2013),,,,,,,,,,,,,,,,,,,,,,,,,,,,,,,,,,,,,,,,,,,,,,,,,,,,,,,,"$11,344,668",,,,,,,,,,,,,
3341072,,Firestorm (2013),,,,,,,,,,"$50,770,000",,,,,,,,,,,,,,,,,,,,,,,,,,,,,,,,,,,,,,,,,,,,,,,,,,,,,,,,,,,
1347007,,Hidden (2009),,,,,,,,,,,,,,,,,,,,,,,,,,,,,,,,,,,,,,"$64,512",,,,"$1,111,246",,"$313,768",,,,,,,,,,,,,,,,,,,,,,,,,
0473267,,Solstice (2008),"$286,278",,,,,,,,"$94,487",,,,,,,,,,,,,,,,,,,,,,,,,,,,,"$1,285,521",,,,,,,"$129,933",,,,,"$169,854",,,,,,"$284,989",,,,,,"$14,099",,,,,,"$248,308",
2972482,,Kundo: Age of the Rampant (2014),,,,,,,,,,,,,,,,,,,,,,,,,,,,,,,,,,,,,,,,,,,,,,,,,,,,,,,,"$35,660,333",,,,,,,,,,,,,
2024506,,Straight A's (2013),,,,,,,,,,,,,,,,,,,,,,,,,,,,,,,,,,,,,,,,,,,,,"$17,756",,,,,,,,,,,,,,,,,,,,,,,,
0157472,,Clockstoppers (2002),,"$122,979",,,,,,,,,,,,,,,,,,,"$170,830",,,,,,,,,"$10,479",,,,,,,,"$303,955",,,,,,,,,,,,,,,,,"$133,972",,"$46,362",,,,,,,,,"$527,837",,,
0435026,,House of Fury (2005),,,,,,,,,,,,,,,,,,,,,,,,,"$1,409,257",,,,,,,,,,,,,,,,,,,,,,,,,,,,,,,,,,,,"$6,479",,,,"$1,448,560",,,,
2106741,,The Bullet Vanishes (2012),,,,,,,,,,,,,,,,,,,,,,,,,"$1,034,476",,,,,,,,,,,,"$139,134",,,"$14,390",,,,,,,,,,,,"$219,251",,,,,,,,,,"$3,700",,,,,,,
2076298,,Ip Man 4: The Finale (2019),,"$906,875",,,,,,,,"$165,290,606",,,,,,,,,,,"$709,962","$176,922",,,"$3,725,263",,,,,,,,,,,,,,,"$172,048",,,,,,,,,,,,,,,,"$502,287",,,,,,,"$266,264",,"$382,801","$256,907",,,
2550112,,Control (2013),,,,,,,,,,"$7,020,000",,,,,,,,,,,,,,,,,,,,,,,,,,,,,,,,,,,,,,,,,,,,,,,,,,,,,,,,,,,
1307057,,Coming Soon (2008),,,,,,,,,,,,,,,,,,,,,,,,,"$497,571",,,,,,,,,,,,"$371,645","$166,606",,,,,,"$184,191",,,,,,,,"$493,532",,,,,,,,,"$613,175","$1,394,256",,,,,,,
1438522,,Death Bell (2008),,,,,,,,,,,,,,,,,,,,,,,,,,,,,,,,,,,,,,,,,,,,,,,,,,,,,,,,"$9,274,859",,,,,,,"$38,261",,,,,,
1236370,,Legendary Assassin (2008),,,,,,,,,,"$1,019,682",,,,,,,,,,,,,,,,,,,,,,,,,,,,,,,,,,,,,,,,,,,,,,,,,,,,,,,,,,,
2969656,,Cold Eyes (2013),,,,,,,,,,"$1,230,000",,,,,,,,,,,,,,,,,,,,,,,,,,,,,,,,,,,,,,,,,,,,,,,,,,,,,,,,,,,
2186715,,Cold War (2012),,"$62,348",,,,,,,,,,,,,,,,,,,,,,,"$5,524,043",,,,,,,,,,,,"$2,144,883",,,"$21,246",,,,,,,,,,,,"$753,929",,,,,,,,,,"$36,381",,,,"$296,501",,,
1722513,,"The Butcher, the Chef, and the Swordsman (2010)",,,,,,,,,,"$1,984,733",,,,,,,,,,,,,,,"$2,335",,,,,,,,,,,,"$43,212",,,"$11,090",,,,,,,,,,,,,,,,,,,,,,,,,,,,,
1935785,,Don't Click (2012),,,,,,,,,,,,,,,,,,,,,,,,,,,,,,,,,,,,,,,,,,,,,,,,,,,,"$18,569",,,,"$4,864,262",,,,,,,"$109,402",,,,,,
3121442,,Overheard 3 (2014),,,,,,,,,,"$49,650,000",,,,,,,,,,,,,,,,,,,,,,,,,,,,,,,,,,,,,,,,,,,,,,,,,,,,,,,,,,,
0851515,,Crazy Racer (2009),,,,,,,,,,"$15,844,273",,,,,,,,,,,,,,,,,,,,,,,,,,,,,,,,,,,,,,,,,,,,,,,,,,,,,,,,,,,
0270288,,Confessions of a Dangerous Mind (2002),"$261,082","$821,534","$121,565",,,,,,,,,,"$49,132",,,,,,,"$81,451","$1,812,429","$689,178",,"$253,650",,"$33,128",,,,"$2,938,123","$2,699,590",,,,,,,"$279,161","$71,698","$117,716",,"$80,152",,,,"$236,344",,,,,,,,,,,"$717,755",,,,"$36,676",,"$52,007",,,"$1,633,162",,,
2332707,,Blind Detective (2013),,,,,,,,,,"$32,061,558",,,,,,,,,,,,,,,,,,,,,,,,,,,,,,,,,,,,,,,,,,,,,,,,,,,,,,,,,,,
1051904,,Goosebumps (2015),"$1,225,023","$6,845,788","$371,017","$198,319","$458,130","$323,190","$1,856,393","$85,097","$510,804",,"$1,612,045","$46,895","$44,759",,"$80,080,379","$769,045","$145,359","$16,162","$4,611",,"$2,287,165","$2,487,869","$6,019","$86,197","$820,855","$133,692",,"$841,998","$209,356","$1,107,515",,"$84,707","$34,793","$29,537","$133,255","$23,532","$2,549,874","$7,105,137","$236,841",$492,"$95,532","$173,591","$90,988","$1,523,924","$1,439,568","$146,981","$51,407","$249,875","$246,339","$2,501,244","$11,505","$1,080,066","$33,388","$10,623","$552,494","$1,883,839","$3,187,098",,"$37,123","$107,912","$1,187,877","$1,379,767","$89,367","$309,541","$1,238,182","$13,086,846","$172,786","$7,926,075","$627,399"
4696222,,Northern Limit Line (2015),,"$38,656",,,,,,,,,,,,,,,,,,,,,,,"$17,607",,,,,,,,,,,,,,,"$11,169",,,,,,,,,,,,,,,,"$39,629,338",,,,,,,,,,,,,
3582088,,Sweet Alibis (2014),,,,,,,,,,"$5,700,000",,,,,,,,,,,,,,,"$7,124",,,,,,,,,,,,,,,,,,,,,,,,,,,,,,,,,,,,,$129,,,,,,,
2739338,,The Christmas Candle (2013),,"$118,186",,,,,,,,,,,,,,,,,,,,,,,,,,,,,,,,,,,,,,"$71,342",,"$15,999",,,,,,,,,,,,,,,,,,,,,,,,"$12,628",,,
4428814,,The Measure of a Man (2015),"$74,006",,,,,,"$48,770",,,,,,,,,,,,,,"$5,660,409","$27,354",,,,,,,,"$206,154",,,,,,,,,"$39,374",,,,,,,,"$32,558",,"$1,134","$11,131",,,,,,"$15,931","$121,215",,"$123,269",,"$18,370",,,,,"$20,487","$6,378",,
1872102,,Marius (2013),,,,,"$68,690",,,,,,,,,,,,,,,,"$2,148,164",,,,,,,,,,,,,,,,,,,,,,,,,,,,,,,,,,,,,,,,,,,,,"$22,905",,,
1766044,,Poslednyaya skazka Rity (2012),,,,,,,,,,,,,,,,,,,,,,,,,,,,,,,,,,,,,,,,,,,,,,,,,,"$486,937",,,,,,,,,,,,,,,,,,,
2302966,,I (2015),,"$203,979",,,,,,,,,,,,,,,,,,,,,,,,,,,,,,,,,,,,,,"$21,340",,,,,,,,,,,,,,,,,,,,,,,,,"$1,525,562",,,,
2245003,,Miss You Already (2015),,"$1,323,675","$106,448",,,,"$36,305",,"$20,592",,"$10,998",,"$22,581",,,,,,,,"$423,347","$249,264",,,"$45,873",,,,,,,,,,"$21,329",,,"$1,407,695","$119,063","$152,195",,,,"$19,089",,,"$17,043",,,,,"$38,680","$40,370",,"$36,504","$29,837",,,,,,,"$9,656",,"$65,264","$2,215,536",,,
3862750,,The Perfect Guy (2015),,,,"$20,299",,,,,,,,,,,,,"$12,666",,"$5,107",,,"$74,869","$40,440",,,,,,,,,"$11,563","$26,797",,"$58,147",,,,,,"$247,178",$702,"$7,204",,,,,"$15,264",,,,,,,"$636,575",,,,,,,,,,"$185,357","$342,500",,,
3164256,,Rock the Kasbah (2015),,,"$13,245",,,,"$10,253",,,,,,,,,,,,,"$3,833",,"$113,228",,,,,,,,"$62,865",,,,"$2,776",,,,"$10,806",,"$27,400",,,,,,"$37,011","$12,827",,,"$19,498",,"$9,477",,,"$7,452",,"$6,910",,,,,,,,"$30,420","$5,509",,,
4515684,,The Treasure (2015),,,,,,,"$3,145",,,,,,,,,,,,,,,,,,,,$851,,,,,,,,,,,,,,,,,,,,"$3,409",,,"$10,850",,,,,,,"$13,934",,,,,,,,,,,,
3181776,,Momentum (2015),,,,,,,,,,,,,,,,,,,,,,,,,,,,,,,,,,,,,"$65,175",,,,,,,,"$49,015",,,,,"$256,862",,,,,,,,,,,,"$69,146",,,,,,,
4163020,,Tales of Halloween (2015),,,,,,"$12,989",,,,,,,,,,,,,,,,,,,,,,,,,,,,,,,"$111,288","$99,772",,,,,,,,,,,,"$138,705",,,,,,,,,,,,,,,,,,"$20,248",
1931421,,Dolfje Weerwolfje (2011),,,"$13,726",,"$86,234",,,,,,,,,,,,,,,,,,,,,,,,,,,,,,,,,,"$2,617,383",,,,,,,,,,,,,,,,,,"$2,059",,,,,,,,,,,,
3603808,,The Diabolical (2015),,,,,,"$18,183",,,,,"$167,016",,,,,,,,,,,,,,,,,,,,,,,,,,"$61,210",,,,,,,,,,,,,,,,,,,,,,,,,"$23,049",,,,,,,
4374460,,Aferim! (2015),,,,,,,,"$2,305",,,,,,,,,,,,,,,,"$17,334",,,,,,,,,,,,,,,,,,,,,,,,,"$221,748",,,,,$613,,,,,,,,,,,,,,,
2436516,,Go Goa Gone (2013),,,,,,,,,,,,,,,,,,,,,,,,,,,,,,,,,,,,,,,,"$9,899",,,,,,,,,,,,,,,,,,,,,,,,,,"$120,994",,,
1856057,,Phantom Boy (2015),,,,,"$26,371",,,,,,,,,,,,,,,,"$150,483",,,,,,,,,,,,,,,"$4,340",,,,,,,,,,,,,$106,,,,,,,,"$4,239",,,,,,,,,"$1,115",,,
4228294,,Les Cowboys (2015),,,,,"$108,886",,,,,,,,,,,,,,,,"$1,064,574",,,,,,,,,,,,,,,"$1,045",,,,,,,,,,,,,,,,,,,,"$8,905","$45,358",,,,,,,,,,,,
0880504,,Alive (2006),,,,,,,,,,,,,,,,,,,,,,,,,,,,,,,,,,,,,,,,,,,,,,,,,,"$3,214,998",,,,,,,,,,,,,,,,,,,
2494362,,Bone Tomahawk (2015),,,,,,,,,,,,,,,,,,,,,,,,,,,,,,,,,,,,,,,,,,,,,,,,,,"$73,722",,"$9,702",,,,,,,,,,,,,,,,,
2473510,,Paranormal Activity: The Ghost Dimension (2015),"$2,408,119","$2,502,846","$988,073",,"$601,501","$361,670","$5,335,114",,"$849,308",,"$1,607,017",,"$222,770","$567,975",,"$689,758",,"$46,484",,"$189,994","$4,798,677","$6,172,295",,,,,,"$165,125","$349,226",,,,,,"$40,076","$109,457","$559,404","$5,272,870","$1,008,956","$366,084",,"$355,625","$6,010","$1,226,239","$280,435","$721,334",,,,"$3,099,546",,"$267,676","$116,710",,"$81,323","$394,986","$1,055,230","$869,968","$186,014","$494,263",,,"$648,262","$331,997","$414,384","$5,864,894","$130,150","$1,810,571",
4430136,,Pyaar Ka Punchnama 2 (2015),,,,,,,,,,,,,,,,,,,,,,,,,,,,"$12,738,004",,,,,,,,,,,,,,,,,,,,,,,,,,,,,,,,,,,,,,"$22,861",,,
1861421,,A Chinese Ghost Story (2011),,,,,,,,,,"$328,204",,,,,,,,,,,,,,,"$559,367",,,,,,,,,,,,"$764,210",,,"$16,242",,,,,,,,,,,,"$790,730",,,,"$448,378",,,,,"$91,928",,,,,,,,"$217,931"
0425985,,The Chinese Botanist's Daughters (2006),,,,,,,,,,,,,,,,,,,,,"$685,733","$549,538",,,,,,,,,,,,,,,,,,,,,,,,,,,,,,,,,,,,,,,,,,,,,,,
3700456,,Blinky Bill the Movie (2015),,"$1,972,691",,,,"$34,400",,,,,,"$77,409","$80,157",,,,,,,,,,,"$80,465",,"$48,710","$38,789",,,"$121,201",,,,,,,,,,"$521,404",,"$96,612",$62,,,"$333,463","$87,496",,"$137,548","$181,431",,,"$37,333",,"$157,579","$154,264","$208,406",,,,,,"$174,171",,"$104,419","$27,867",,,
3614530,,Jem and the Holograms (2015),,,,,,,,,,,,"$4,515",,,,,,,,,"$7,005",,,,,,"$2,862",,,,,,,,,,,,,,,"$14,953","$3,267",,"$5,243",,,,,,,"$15,099",,"$6,720",,,"$6,339",,,,,,,"$40,130","$18,853","$12,869",,,
2006295,,The 33 (2015),"$21,430",,,,,"$11,622","$271,392",,"$4,937,597","$3,449,490","$565,323",,,,,"$500,794",,,,,,"$10,214",,,"$190,699",,"$4,353","$11,743",,,,,,,"$78,319",,"$280,994","$3,072,751",,,,,"$3,542","$151,546","$24,336",,"$35,909",,,,,"$87,633",,,"$6,284","$274,964",,,,,"$117,449","$148,808",,,"$327,168","$37,342","$16,779","$1,105,820",
2922590,,Blood of My Blood (2015),"$55,917",,,,,,,,,,,,,,,,,,,,,,,,,,,,,,,,,,,,,,,,,,,,,,,,,"$5,943",,,,,,,,,,,,,,,,,,,
4173478,,Journey to the Shore (2015),,,,,,,,,,,,,,,,,,,,,,,,,"$50,686",,,,,,,,,,,,,,,,,,,,,,,,,,,,,,,,,,,,,,,,,,,,
1526578,,Ao: The Last Hunter (2010),,,,,,,"$14,167",,,,,,,,,,,,,,,,,,,,,,,,,,,,,,,,,,,,,,,,,,,,,,,,,,,,,,,,,,,,,,
4025514,,Suburra (2015),,,,,,,,,,,,,,,,,,,,,,,,,,,,,,,,,,,,,,,,,,,,,,,,,,,,,,,,"$21,970",,,,,,,,,,,,,
3477554,,The Snow Queen 2 (2014),,,,,,,,"$97,534",,"$5,133,353",,"$109,379","$122,633",,,,,,,,,,,,,,,,,,,"$13,999",,,"$34,793","$48,741",,,,,,,,"$131,352",,,"$149,310",,"$321,908","$4,498,015","$33,695",,"$114,528",,"$38,393","$3,849,454","$172,188",,,,,,"$487,125","$175,077","$108,580",,,,
2113636,,Colt 45 (2014),,,,,,,,,,"$258,073",,,,,,,,,,,,,,,,,,,,,,,,,,,,,,,,,,,,,,,,,,,,,,,,,,,,,,,,,,,"$10,752"
2393827,,Howl (2015),,,,,,,,,,,,,,,,,,,,,,,,,,,,,,,,,,,,,"$104,080",,,,,,,,,,,,,,,,,,,,,,,,,,,,,,,,"$232,578"
0457355,,From Mexico with Love (2009),,,,,,,,,,,,,,,,,,,,,,,,,,,,,,,,,,,$708,,,,,,,,,,,,,,,,,,,,,,,,,,,,,,,,,,
2582502,,Fathers & Daughters (2015),,,,,,"$24,050","$42,161",,,,"$51,445",,,,,,,,,,,,,,,,,,,,"$280,582",,,,,,,"$551,399",,,,,,,,,,,,"$38,020",,"$26,099",,,,"$391,277",,,,,"$153,653","$14,146",,,,,,,"$6,917"
2910904,,The Dressmaker (2015),"$102,356","$15,650,395",,,,,"$115,466",,,,"$34,665",,,,"$2,022,115",,,,,"$298,642",,,,,,,,,,"$1,896,834",,,,,,,,,,"$1,372,652",,,$378,,"$17,133",,"$174,250",,,"$94,925",,"$44,470",,,"$176,117","$360,285","$1,217,751",,,,"$216,505","$186,793","$145,857",,"$64,003","$811,834",,,
0268579,,Ripper (2001),,,,,,,,,,,,,,,,,,,,,,,,,,,,,,"$68,207",,,,,,,,"$29,141",,,,,,,,,,,,,,,,,,,,,,,,,,,,,,,
3626804,,Nowitzki: The Perfect Shot (2014),,,,,,,,,,,,,,,,,,,,,,"$578,177",,,,,,,,,,,,,,,,,,,,,,,,,,,,,,,,,,,,,,,,,,,,,,,
0774756,,Twice Upon a Time (2006),"$110,611","$82,400",,,,,,,,,,,,,,,,,,,,,,,,,,,,,,,,,,,,,,"$61,941",,,,,,,,,,,,,,,,,,,,,,,,,,,"$25,192",,
3203606,,Trumbo (2015),"$44,851","$251,559","$42,986",,,,"$168,563",,,,,"$8,529",,"$14,508",,,,,,,"$950,274","$112,484",,,"$52,713",,,,,"$163,429",,,,,$474,"$6,244",,,"$50,285","$90,970",,,$68,"$7,250",,,"$92,768",,,"$56,733","$9,067","$7,678",,$506,"$12,992","$414,431","$674,260",,"$61,508",,"$23,585","$5,013",,,"$16,500","$211,949","$8,684","$11,423",
1172587,,Delhi Safari (2012),,,,,,,,,,"$1,270,000",,,,,,,,,,,,,,,,,,"$399,221",,,,,,,,,,,,,,,,,,,,,,,,,,,,"$1,826,376",,,,,,,,,,,,,
3400460,,Foodies: The Culinary Jet Set (2014),,,,,,,,,,,,,,,,,,,,,,,,,,,,,,,,,,,,,,,,,,,,,,,,,,,,"$4,045",,,,,,,,,,"$4,883",,,,,,,
4428788,,Marguerite (2015),"$68,297","$69,720","$49,911",,"$189,839",,"$124,864",,,,,,"$6,032",,,,,,,"$26,410","$6,674,379","$244,441",,,,,"$2,293",,,,,,,,"$9,472",,,,,"$37,197",,,,,,,"$17,370",,$928,"$17,608",,,,$652,,"$40,577","$400,227",,"$207,626",,,,,,,"$59,836",,,
1861375,,War of the Buttons (2011),,,,,,,"$108,820",,,,,,,,,,,,,,,,,,,,,,,,,,,,,,,,,,,,,,,,,,,,,,,,,,,,,,,,,,,,,,
1837587,,War of the Buttons (2011),,,,,"$542,355",,,,,,,,"$10,510",,,,,,,,"$13,602,454","$282,789",,,,,,,,,,,,,,,,,,,,,,,,,,,,,,,,,,,"$594,862",,,,,"$1,668",,,,,,,
3540136,,Wolf Warrior (2015),,,,,,,,,,"$81,273,855",,,,,,,,,,,,,,,,,,,,,,,,,,,,,,,,,,,,,,,,,,,,,,,,,,,,,,,,,,,
3322364,,Concussion (2015),"$134,593","$212,127","$134,893","$98,614","$66,104",,"$333,981",,"$38,994",,"$138,387",,,,,"$166,413","$153,739","$8,458","$5,865",,"$732,185","$665,660","$5,012",,"$165,846",,"$7,864",,,"$1,709,943",,"$44,009","$15,974","$16,447","$79,627","$21,974",,"$4,464,162",,"$73,439","$71,441",,"$38,000","$59,442",,"$192,464","$43,754","$121,893","$130,822",,,"$71,632",,,"$173,472",,"$1,732,654",,,,"$270,861","$166,398",,,"$639,746","$162,499","$46,069","$53,651",
2814362,,United Passions (2014),,,,,,,,,,,,,,,,,,,,,,,,,,,,,,,,,,,,,,,,,,,,,,,,,,"$167,914","$2,990",,,,,,,,,,,,,,,,,,
2452042,,The Peanuts Movie (2015),"$1,324,419","$5,566,418","$1,443,827","$166,820","$956,995","$511,807","$7,944,690","$68,240","$1,411,375","$5,702,428","$881,865","$232,026","$224,141","$852,855",,"$1,561,713",,,,"$1,186,894","$5,184,352","$9,672,216",,"$408,051","$2,159,483","$202,919","$62,680",,"$455,021","$2,842,638","$5,170,243",,"$4,818","$99,941","$169,429","$191,970","$477,072","$7,825,529","$1,957,846","$837,047",,"$455,466","$39,769","$1,527,617",,"$1,096,873","$770,468","$143,523","$227,271","$1,400,596","$139,874","$803,021","$94,144","$83,732","$539,012","$1,219,202","$4,782,782","$1,344,012","$436,417","$808,655","$1,380,612","$278,679","$589,576","$80,272","$716,787","$13,886,795","$110,658","$4,096,546","$365,249"
1249415,,OceanWorld (2009),,,,,"$71,727",,,"$40,948",,,,"$13,509","$381,023",,,,,"$107,748",,,"$312,797",,,"$47,523",,,,,,"$3,297,162",,,,"$130,857","$64,713","$217,060",,,,,,,,,,"$374,538",,,,"$1,121,347","$34,786",,"$60,059",,,"$1,174,633","$938,228",,,,,,"$224,464",,"$54,129",,,,
1266037,,A Distant Neighbourhood (2010),,,"$6,532",,"$31,488",,,,,,,,,,,,,,,,"$78,593","$86,036",,,,,,,,,,,,,,,,,,,,,,,,,,,,"$29,171",,,,,,,,,,,,,,,,,,,
3997238,,Do I Sound Gay? (2014),,,,,,,,,,,,,,,,,,,,,,,,,,,,,,,,,,,,,,,,,,,,,,,,,,,,,,,,,,,,,,,,,,"$3,207",,,
2474976,,The Hallow (2015),,,,,,,,,"$44,493",,"$135,709",,,,,,,,,,"$129,403",$208,,,,,,,,,,,,,,,"$179,973","$745,975",,,,,,"$287,976","$39,361",,,,,"$140,422",,,,,,,,,,,,,,,,"$144,981",,,
4272866,,The Boy and the Beast (2015),"$29,466","$66,261",,,,,,,,,,,,,"$490,643",,,,,"$13,542","$308,416",,,,"$47,207",,,,,,"$46,863,971",,,,"$2,257",,,,,"$12,178",,,$218,,,,,,,"$66,612",,,,,,"$1,396,332","$36,875",,,,"$400,801","$14,311",,,"$31,900",,,,
1594534,,Traceless (2010),,,,,"$27,464",,,,,,,,,,,,,,,,"$445,565",,,,,,,,,,,,,,,,,"$32,221",,,,,,,,,,,,,,,,,,,,,,,,,,,,,,,
3294200,,The Falling (2014),,,,,,,,,,,,,,,,,,,,,,,,,,,,,,,,,,,,,,,,"$14,622",,,,,,,,,,,,,,,,,,,,,,,,,,,,,
1779826,,Maktub (2011),"$98,666",,,,,,,,,,,,,,,,,,,,,,,,,,,,,,,,,,,,,"$558,069",,,,,,,,,,,,,,,,,,,,,,,,,,,,,,,
4057632,,All Three of Us (2015),,,,,,,"$29,261",,,,,,,,,,,,,,,,,,,,,,,,,,,,,,,,,,,,,,,,,,,,,,,,,,,,,,,,,,,,,,
3076658,,Creed (2015),"$913,820","$5,000,963","$431,949",,"$1,119,953","$120,941","$2,553,084","$77,533","$115,430",,"$93,887","$39,203","$119,880","$398,012","$109,778,883","$374,379",,,,"$325,265","$11,550,543","$3,235,490",,"$439,060","$113,658","$34,626","$42,307",,"$322,681","$6,041,276","$361,418",,"$10,946","$14,871","$207,266","$15,605",,"$2,460,699","$871,088","$359,634",,"$285,289","$6,244","$263,768","$194,536","$376,950","$504,531",,"$170,325","$795,358","$34,222","$329,820","$82,591","$19,392","$248,686",,"$4,100,666","$175,793","$423,576","$716,497",,,"$159,067","$93,157","$1,251,418","$8,246,569","$25,712",,
1291570,,Solace (2015),"$331,934",,,,,,"$282,436",,"$42,154","$5,374,145","$110,539",,,,,"$58,352",,,,,,,,,,,,,,,,,,,,,,"$2,905,274",,,,,,"$453,036",,,,,,"$490,446",,,,,,,,,,,,,,,,,"$121,399",,
1680679,,Breathing (2011),,,"$743,013",,,,,,,,,,,,,,,,,,,"$25,918",,,,,,,,,,,,,,,,,,,,,,,,,,,,,,,,,,,,,,,,,,,,"$33,875",,,
1482989,,"Bruce Lee, My Brother (2010)",,,,,,,,,,"$2,052,220",,,,,,,,,,,,,,,,,,,,,,,,,,,,,,,,,,,,,,,,,,,,,,,,,,,,,,,,,,,
2186566,,The Little Ghost (2013),,,,,,,,,,,,,,,,,,,,,,,,,,,,,,,,,,,,,,,,,,,,,"$13,606",,,,,,,,,,,"$66,287",,,,,,,,,,,,,
2343536,,The Dead and the Living (2012),,,"$24,425",,,,,,,,,,,,,,,,,,"$8,638",,,,,,,,,,,,,,,,,,,,,,,,,,,,,,,,,,,,,,,,,,,,,,,,
2370378,,Baby Blues (2012),,,,,,,,,,,,,,,,,,,,,,,,,,,,,,,,,,,,,"$311,528",,,,,,,,,,,,,,,,,,,,,,,,,,,,,,,,
2217859,,Louder Than Bombs (2015),,,"$8,071",,,,"$21,185",$851,,,,,,"$21,379",,,,,,"$17,361","$205,037","$53,892",,,"$7,097",,"$2,466",,,"$36,722",,,,,,$476,,"$50,986",,,,"$245,295",,,,,"$13,721",,,"$50,609",,,,,,"$70,223","$96,714","$52,836",,,,,"$7,792",,,"$34,204",,,
3276924,,Heist (2015),,,,,,,,,"$180,240","$482,729",,"$18,885",,,"$50,136",,,"$10,051",,,,,,,,,,,,,,,,"$6,761","$46,596","$3,926",,"$1,011,787",,,,,,"$238,723","$42,643",,,,,"$570,699",,,,,"$65,905","$80,262",,,,,"$339,800",,,"$11,646","$441,871",,"$8,244",,"$166,142"
1456606,,"Rio, I Love You (2014)",,,,,,,"$490,612",,,,,,,,"$31,982",,,,,,,,,,,,,,,,,,,,"$29,509","$3,868",,,,,,,,,,"$45,766",,,,,,,,,,,,,,,,,,,,,,,
1671496,,"If Not Us, Who? (2011)",,,,,,,"$33,644",,,,,,,,,,,,,,,,,,,,,,,,,,,,,,,"$10,716",,,,,,,,,,,,,,,,,,,,,,,,,,,,,,,
4440036,,Lost and Love (2015),,,,,,,,,,"$34,180,000",,,,,,,,,,,,,,,"$345,228",,,,,,,,,,,,"$118,792",,,"$14,787",,,,,,,,,,,,"$82,553",,,,,,,,,,,,,,,,,
0470082,,The Roses of the Desert (2006),"$18,306",,,,,,,,,,,,,,,,,,,,,,,,,,,,,"$1,896,064",,,,,,,,,,,,,,,,,,,,,,,,,,,,,,,,,,,,,,,
0343663,,Eros (2004),,,,,,,,,,,,,,,,,,,,,"$267,632",,,"$37,800","$94,929",,,,,"$901,668",,,,,,,,,,,,,,,,,,,,,,,,,,,,,,,"$29,392",,"$33,207",,,,,,
3409440,,The Surprise (2015),"$36,621",,,,,,,,,,,,,,,,,,,,,,,,,,,,,,,,,,,,,"$90,920",,,,,,,,,,,,"$31,329",,,,,,"$52,966",,,,,"$166,086",,,,,,"$2,978",,
0374627,,French Spies (2004),,,,,,,,,,,,,"$31,431",,,,"$1,678",,,,"$12,507,292",,,,,,,,,,,,,,,,,,,,,,,,,,,,,"$1,138,049",,,"$4,439",,,,"$87,008",,,,"$9,217",,,,"$74,568",,,,
2279339,,Love the Coopers (2015),"$168,280","$1,183,300","$538,232",,,"$25,301","$223,690","$106,614","$42,031",,,"$126,526","$127,987",,,"$22,687",,,,,,"$1,513,024",,"$69,251","$74,049","$671,986","$24,755",,,"$404,870",,,,,"$11,468","$71,429","$28,425","$835,399",,"$117,470",,,"$1,084","$343,997",,"$339,031","$69,447",,"$647,317","$405,472","$48,703","$115,099","$85,133","$41,524","$274,165",,"$648,351",,,"$202,849","$26,259","$48,131","$15,728","$159,554","$245,023","$2,910,763","$46,714","$1,751,479",
3595298,,Prem Ratan Dhan Payo (2015),,"$623,670","$13,421","$273,963","$11,251",,,,,,,,,,,,,,,,,"$107,782",,,,,,"$41,708,786",,,,,,,,,,,,"$422,176","$10,869",,"$340,089",,,,,"$262,840",,,,,,,,,,,,,,,,,"$2,286,104","$2,290,181",,,
1828148,,Capitães da Areia (2011),,,,,,,"$776,803",,,,,,,,,,,,,,,,,,,,,,,,,,,,,,,,,,,,,,,,,,,,,,,,,,,,,,,,,,,,,,
2524568,,Rock the Casbah (2013),,,,,,,,,,,,,,,,,,,,,,,,,,,,,,,,,,,,,,,,"$5,134",,,,,,,,,,,,,,,,,,,,,,,,,,,,,
4228816,,In Harmony (2015),,,,,"$21,532",,,,,,,,,,,,,,,,"$3,212,516",,,,,,,,,,,,,,,,,,,"$5,253",,,,,,,,,,,,,,,,,,,,,,,,,,,,,
